INSERT INTO teacher (first_name, last_name, email, phone) VALUES ('Zelda', 'Smith', 'zelda.smith@example.com', '12345678');
INSERT INTO teacher (first_name, last_name, email, phone) VALUES ('Yvonne', 'Roberts', 'yvonne.roberts@example.com', '23456789');
INSERT INTO teacher (first_name, last_name, email, phone) VALUES ('Xander', 'Miller', 'xander.miller@example.com', '34567890');
INSERT INTO teacher (first_name, last_name, email, phone) VALUES ('Wendy', 'Jones', 'wendy.jones@example.com', '45678901');
INSERT INTO teacher (first_name, last_name, email, phone) VALUES ('Violet', 'Johnson', 'violet.johnson@example.com', '56789012');
INSERT INTO teacher (first_name, last_name, email, phone) VALUES ('Ulysses', 'Harris', 'ulysses.harris@example.com', '67890123');
INSERT INTO teacher (first_name, last_name, email, phone) VALUES ('Trevor', 'Garcia', 'trevor.garcia@example.com', '78901234');
INSERT INTO teacher (first_name, last_name, email, phone) VALUES ('Samantha', 'Davis', 'samantha.davis@example.com', '89012345');
INSERT INTO teacher (first_name, last_name, email, phone) VALUES ('Roger', 'Clark', 'roger.clark@example.com', '90123456');
INSERT INTO teacher (first_name, last_name, email, phone) VALUES ('Quentin', 'Brown', 'quentin.brown@example.com', '01234567');

INSERT INTO classroom (teacher_id, name, start_date, end_date) VALUES (1, 'Python1', '2018-03-04', '2018-04-04');
INSERT INTO classroom (teacher_id, name, start_date, end_date) VALUES (2, 'WebDev2', '2018-06-15', '2018-07-15');
INSERT INTO classroom (teacher_id, name, start_date, end_date) VALUES (3, 'SQL3', '2019-09-22', '2019-10-22');
INSERT INTO classroom (teacher_id, name, start_date, end_date) VALUES (4, 'Java4', '2019-11-17', '2019-12-17');
INSERT INTO classroom (teacher_id, name, start_date, end_date) VALUES (5, 'NetSec5', '2020-01-20', '2020-02-20');
INSERT INTO classroom (teacher_id, name, start_date, end_date) VALUES (6, 'DataMining6', '2020-03-12', '2020-04-12');
INSERT INTO classroom (teacher_id, name, start_date, end_date) VALUES (7, 'CyberSec7', '2020-06-08', '2020-07-08');
INSERT INTO classroom (teacher_id, name, start_date, end_date) VALUES (8, 'Cloud8', '2021-08-14', '2021-09-14');
INSERT INTO classroom (teacher_id, name, start_date, end_date) VALUES (9, 'AI9', '2021-10-25', '2021-11-25');
INSERT INTO classroom (teacher_id, name, start_date, end_date) VALUES (10, 'MobileApp10', '2022-02-19', '2022-03-19');
INSERT INTO classroom (teacher_id, name, start_date, end_date) VALUES (1, 'JS11', '2022-04-07', '2022-05-07');
INSERT INTO classroom (teacher_id, name, start_date, end_date) VALUES (2, 'UXDesign12', '2022-07-03', '2022-08-03');
INSERT INTO classroom (teacher_id, name, start_date, end_date) VALUES (3, 'Linux13', '2023-01-11', '2023-02-11');
INSERT INTO classroom (teacher_id, name, start_date, end_date) VALUES (4, 'DBAdmin14', '2023-04-27', '2023-05-27');
INSERT INTO classroom (teacher_id, name, start_date, end_date) VALUES (5, 'Swift15', '2024-02-10', '2024-03-10');

INSERT INTO student (first_name, last_name, classroom_id, email, created_at) VALUES ('Alice', 'Johnson', 6, 'alice.johnson@example.com', '2024-03-04');
INSERT INTO student (first_name, last_name, classroom_id, email, created_at) VALUES ('Bob', 'Smith', 7, 'bob.smith@example.com', '2024-03-04');
INSERT INTO student (first_name, last_name, classroom_id, email, created_at) VALUES ('Charlie', 'Brown', 8, 'charlie.brown@example.com', '2024-03-04');
INSERT INTO student (first_name, last_name, classroom_id, email, created_at) VALUES ('David', 'Davis', 9, 'david.davis@example.com', '2024-03-04');
INSERT INTO student (first_name, last_name, classroom_id, email, created_at) VALUES ('Eva', 'Taylor', 10, 'eva.taylor@example.com', '2024-03-04');
INSERT INTO student (first_name, last_name, classroom_id, email, created_at) VALUES ('Fiona', 'Miller', 11, 'fiona.miller@example.com', '2024-03-04');
INSERT INTO student (first_name, last_name, classroom_id, email, created_at) VALUES ('George', 'Anderson', 12, 'george.anderson@example.com', '2024-03-04');
INSERT INTO student (first_name, last_name, classroom_id, email, created_at) VALUES ('Hannah', 'Clark', 13, 'hannah.clark@example.com', '2024-03-04');
INSERT INTO student (first_name, last_name, classroom_id, email, created_at) VALUES ('Isaac', 'Roberts', 14, 'isaac.roberts@example.com', '2024-03-04');
INSERT INTO student (first_name, last_name, classroom_id, email, created_at) VALUES ('Jane', 'Hall', 15, 'jane.hall@example.com', '2024-03-04');
INSERT INTO student (first_name, last_name, classroom_id, email, created_at) VALUES ('Katie', 'White', 6, 'katie.white@example.com', '2024-03-04');
INSERT INTO student (first_name, last_name, classroom_id, email, created_at) VALUES ('Liam', 'Jones', 7, 'liam.jones@example.com', '2024-03-04');
INSERT INTO student (first_name, last_name, classroom_id, email, created_at) VALUES ('Mia', 'Brown', 8, 'mia.brown@example.com', '2024-03-04');
INSERT INTO student (first_name, last_name, classroom_id, email, created_at) VALUES ('Nathan', 'Wilson', 9, 'nathan.wilson@example.com', '2024-03-04');
INSERT INTO student (first_name, last_name, classroom_id, email, created_at) VALUES ('Olivia', 'Taylor', 10, 'olivia.taylor@example.com', '2024-03-04');
INSERT INTO student (first_name, last_name, classroom_id, email, created_at) VALUES ('Peter', 'Evans', 11, 'peter.evans@example.com', '2024-03-04');
INSERT INTO student (first_name, last_name, classroom_id, email, created_at) VALUES ('Quinn', 'Harris', 12, 'quinn.harris@example.com', '2024-03-04');
INSERT INTO student (first_name, last_name, classroom_id, email, created_at) VALUES ('Rachel', 'Thompson', 13, 'rachel.thompson@example.com', '2024-03-04');
INSERT INTO student (first_name, last_name, classroom_id, email, created_at) VALUES ('Samuel', 'Baker', 14, 'samuel.baker@example.com', '2024-03-04');
INSERT INTO student (first_name, last_name, classroom_id, email, created_at) VALUES ('Tina', 'Adams', 15, 'tina.adams@example.com', '2024-03-04');
INSERT INTO student (first_name, last_name, classroom_id, email, created_at) VALUES ('Ulysses', 'Wright', 6, 'ulysses.wright@example.com', '2024-03-04');
INSERT INTO student (first_name, last_name, classroom_id, email, created_at) VALUES ('Victoria', 'Johnson', 7, 'victoria.johnson@example.com', '2024-03-04');
INSERT INTO student (first_name, last_name, classroom_id, email, created_at) VALUES ('Walter', 'Roberts', 8, 'walter.roberts@example.com', '2024-03-04');
INSERT INTO student (first_name, last_name, classroom_id, email, created_at) VALUES ('Xavier', 'Parker', 9, 'xavier.parker@example.com', '2024-03-04');
INSERT INTO student (first_name, last_name, classroom_id, email, created_at) VALUES ('Yvonne', 'Brown', 10, 'yvonne.brown@example.com', '2024-03-04');
INSERT INTO student (first_name, last_name, classroom_id, email, created_at) VALUES ('Zoe', 'Hanson', 3, 'zoe.hanson@example.com', '2024-03-04');
INSERT INTO student (first_name, last_name, classroom_id, email, created_at) VALUES ('Yvonne', 'Garcia', 4, 'yvonne.garcia@example.com', '2024-03-04');
INSERT INTO student (first_name, last_name, classroom_id, email, created_at) VALUES ('Xavier', 'Fisher', 5, 'xavier.fisher@example.com', '2024-03-04');
INSERT INTO student (first_name, last_name, classroom_id, email, created_at) VALUES ('Walter', 'Edwards', 1, 'walter.edwards@example.com', '2024-03-04');
INSERT INTO student (first_name, last_name, classroom_id, email, created_at) VALUES ('Victoria', 'Diaz', 2, 'victoria.diaz@example.com', '2024-03-04');
INSERT INTO student (first_name, last_name, classroom_id, email, created_at) VALUES ('Ulysses', 'Cooper', 3, 'ulysses.cooper@example.com', '2024-03-04');
INSERT INTO student (first_name, last_name, classroom_id, email, created_at) VALUES ('Tina', 'Barnes', 4, 'tina.barnes@example.com', '2024-03-04');
INSERT INTO student (first_name, last_name, classroom_id, email, created_at) VALUES ('Samuel', 'Adams', 5, 'samuel.adams@example.com', '2024-03-04');
INSERT INTO student (first_name, last_name, classroom_id, email, created_at) VALUES ('Rachel', 'Hernandez', 1, 'rachel.hernandez@example.com', '2024-03-04');
INSERT INTO student (first_name, last_name, classroom_id, email, created_at) VALUES ('Quinn', 'Gonzalez', 2, 'quinn.gonzalez@example.com', '2024-03-04');
INSERT INTO student (first_name, last_name, classroom_id, email, created_at) VALUES ('Peter', 'Evans', 3, 'peter.evans@example.com', '2024-03-04');
INSERT INTO student (first_name, last_name, classroom_id, email, created_at) VALUES ('Olivia', 'Duncan', 4, 'olivia.duncan@example.com', '2024-03-04');
INSERT INTO student (first_name, last_name, classroom_id, email, created_at) VALUES ('Nathan', 'Cruz', 5, 'nathan.cruz@example.com', '2024-03-04');
INSERT INTO student (first_name, last_name, classroom_id, email, created_at) VALUES ('Mia', 'Brown', 1, 'mia.brown@example.com', '2024-03-04');
INSERT INTO student (first_name, last_name, classroom_id, email, created_at) VALUES ('Liam', 'Bell', 2, 'liam.bell@example.com', '2024-03-04');
INSERT INTO student (first_name, last_name, classroom_id, email, created_at) VALUES ('Katie', 'Alvarez', 3, 'katie.alvarez@example.com', '2024-03-04');
INSERT INTO student (first_name, last_name, classroom_id, email, created_at) VALUES ('Jane', 'Zimmerman', 4, 'jane.zimmerman@example.com', '2024-03-04');
INSERT INTO student (first_name, last_name, classroom_id, email, created_at) VALUES ('Isaac', 'Wright', 5, 'isaac.wright@example.com', '2024-03-04');
INSERT INTO student (first_name, last_name, classroom_id, email, created_at) VALUES ('Hannah', 'Wood', 1, 'hannah.wood@example.com', '2024-03-04');
INSERT INTO student (first_name, last_name, classroom_id, email, created_at) VALUES ('George', 'Vaughn', 2, 'george.vaughn@example.com', '2024-03-04');
INSERT INTO student (first_name, last_name, classroom_id, email, created_at) VALUES ('Fiona', 'Underwood', 3, 'fiona.underwood@example.com', '2024-03-04');
INSERT INTO student (first_name, last_name, classroom_id, email, created_at) VALUES ('Eva', 'Thomas', 4, 'eva.thomas@example.com', '2024-03-04');
INSERT INTO student (first_name, last_name, classroom_id, email, created_at) VALUES ('David', 'Sullivan', 5, 'david.sullivan@example.com', '2024-03-04');
INSERT INTO student (first_name, last_name, classroom_id, email, created_at) VALUES ('Charlie', 'Robinson', 1, 'charlie.robinson@example.com', '2024-03-04');
INSERT INTO student (first_name, last_name, classroom_id, email, created_at) VALUES ('Bob', 'Perez', 2, 'bob.perez@example.com', '2024-03-04');
INSERT INTO student (first_name, last_name, classroom_id, email, created_at) VALUES ('Alice', 'Owens', 3, 'alice.owens@example.com', '2024-03-04');
INSERT INTO student (first_name, last_name, classroom_id, email, created_at) VALUES ('Zoe', 'Nelson', 4, 'zoe.nelson@example.com', '2024-03-04');
INSERT INTO student (first_name, last_name, classroom_id, email, created_at) VALUES ('Yvonne', 'Mendoza', 5, 'yvonne.mendoza@example.com', '2024-03-04');
INSERT INTO student (first_name, last_name, classroom_id, email, created_at) VALUES ('Xavier', 'Lopez', 1, 'xavier.lopez@example.com', '2024-03-04');

INSERT INTO lecture (name, description, classroom_id, start_date) VALUES ('Python Fundamentals', 'Exploring the basics of Python programming. Dive into the fundamentals of Python programming language.', 1, '2022-09-10');
INSERT INTO lecture (name, description, classroom_id, start_date) VALUES ('Web Development Basics', 'Introduction to web development. Learn the basic concepts of HTML, CSS, and JavaScript.', 2, '2023-05-15');
INSERT INTO lecture (name, description, classroom_id, start_date) VALUES ('Database Design', 'Understanding database design principles. Learn how to model and design databases effectively.', 3, '2021-11-20');
INSERT INTO lecture (name, description, classroom_id, start_date) VALUES ('Java Programming', 'Comprehensive guide to Java programming language. Dive deep into object-oriented programming with Java.', 4, '2020-08-25');
INSERT INTO lecture (name, description, classroom_id, start_date) VALUES ('Data Structures and Algorithms', 'Exploring essential data structures and algorithms. Master the concepts of data organization and algorithm design.', 5, '2024-03-05');
INSERT INTO lecture (name, description, classroom_id, start_date) VALUES ('Software Engineering Principles', 'Understanding software engineering principles. Learn about software development methodologies and best practices.', 6, '2023-01-12');
INSERT INTO lecture (name, description, classroom_id, start_date) VALUES ('Network Security', 'Exploring network security concepts. Learn about encryption, authentication, and secure communication protocols.', 7, '2022-06-18');
INSERT INTO lecture (name, description, classroom_id, start_date) VALUES ('Machine Learning Fundamentals', 'Introduction to machine learning. Explore basic machine learning algorithms and techniques.', 8, '2020-10-30');
INSERT INTO lecture (name, description, classroom_id, start_date) VALUES ('Cybersecurity Basics', 'Understanding the fundamentals of cybersecurity. Learn about common cyber threats and protective measures.', 9, '2023-09-22');
INSERT INTO lecture (name, description, classroom_id, start_date) VALUES ('Mobile App Development', 'Comprehensive guide to mobile app development. Learn to build cross-platform mobile applications.', 10, '2021-04-07');
INSERT INTO lecture (name, description, classroom_id, start_date) VALUES ('Cloud Computing Essentials', 'Introduction to cloud computing. Explore cloud service models and deployment strategies.', 11, '2022-02-14');
INSERT INTO lecture (name, description, classroom_id, start_date) VALUES ('Operating System Concepts', 'Understanding operating system concepts. Learn about process management, memory management, and file systems.', 12, '2020-12-01');
INSERT INTO lecture (name, description, classroom_id, start_date) VALUES ('Frontend Web Development', 'Exploring frontend web development technologies. Learn about frameworks like React and Angular.', 13, '2024-01-28');
INSERT INTO lecture (name, description, classroom_id, start_date) VALUES ('Software Testing Techniques', 'Introduction to software testing. Explore different testing techniques and methodologies.', 14, '2023-08-17');
INSERT INTO lecture (name, description, classroom_id, start_date) VALUES ('Artificial Intelligence Fundamentals', 'Comprehensive guide to artificial intelligence. Learn about AI algorithms and applications.', 15, '2021-07-10');
INSERT INTO lecture (name, description, classroom_id, start_date) VALUES ('JavaScript Essentials', 'Mastering JavaScript programming language. Dive into advanced JavaScript concepts.', 1, '2022-04-02');
INSERT INTO lecture (name, description, classroom_id, start_date) VALUES ('Database Management Systems', 'Understanding database management systems. Learn about relational databases and SQL.', 2, '2023-10-05');
INSERT INTO lecture (name, description, classroom_id, start_date) VALUES ('Cybersecurity Threats and Defense', 'Exploring cybersecurity threats and defense mechanisms. Learn about ethical hacking and penetration testing.', 3, '2020-11-30');
INSERT INTO lecture (name, description, classroom_id, start_date) VALUES ('Python for Data Science', 'Introduction to Python for data science. Learn about data manipulation, visualization, and analysis with Python.', 4, '2021-05-25');
INSERT INTO lecture (name, description, classroom_id, start_date) VALUES ('Responsive Web Design', 'Understanding responsive web design principles. Learn to create websites that adapt to various devices and screen sizes.', 5, '2022-08-18');
INSERT INTO lecture (name, description, classroom_id, start_date) VALUES ('Agile Software Development', 'Introduction to agile software development methodologies. Learn about agile principles and practices.', 6, '2024-02-07');
INSERT INTO lecture (name, description, classroom_id, start_date) VALUES ('Introduction to Blockchain', 'Exploring blockchain technology. Learn about distributed ledger systems and cryptocurrencies.', 7, '2023-06-11');
INSERT INTO lecture (name, description, classroom_id, start_date) VALUES ('Advanced Java Programming', 'Advanced concepts in Java programming language. Explore multithreading, networking, and advanced data structures.', 8, '2020-09-14');
INSERT INTO lecture (name, description, classroom_id, start_date) VALUES ('Data Visualization Techniques', 'Introduction to data visualization. Learn about different visualization techniques and tools.', 9, '2022-01-23');
INSERT INTO lecture (name, description, classroom_id, start_date) VALUES ('Network Programming', 'Exploring network programming concepts. Learn to create networked applications using socket programming.', 10, '2021-11-29');
INSERT INTO lecture (name, description, classroom_id, start_date) VALUES ('Introduction to DevOps', 'Understanding DevOps principles and practices. Learn about continuous integration, continuous delivery, and infrastructure as code.', 11, '2023-04-03');
INSERT INTO lecture (name, description, classroom_id, start_date) VALUES ('Introduction to Big Data', 'Exploring big data technologies and platforms. Learn about Hadoop, Spark, and distributed computing.', 12, '2020-07-16');
INSERT INTO lecture (name, description, classroom_id, start_date) VALUES ('Backend Web Development', 'Understanding backend web development. Learn about server-side programming languages and frameworks.', 13, '2024-01-10');
INSERT INTO lecture (name, description, classroom_id, start_date) VALUES ('Software Architecture Principles', 'Introduction to software architecture. Learn about architectural patterns and design principles.', 14, '2023-09-08');
INSERT INTO lecture (name, description, classroom_id, start_date) VALUES ('Data Mining Techniques', 'Exploring data mining techniques. Learn about association rule mining, clustering, and classification.', 15, '2021-12-27');
INSERT INTO lecture (name, description, classroom_id, start_date) VALUES ('JavaScript Frameworks', 'Exploring JavaScript frameworks. Learn about popular frameworks like Vue.js and Ember.js.', 1, '2022-05-20');

INSERT INTO exercise (lecture_id, name, description, link_to_repo, last_updated) VALUES (1, 'Responsive Web Design', 'Learn the principles of responsive web design.', 'http://angular.github.com', '2022-08-15');
INSERT INTO exercise (lecture_id, name, description, link_to_repo, last_updated) VALUES (2, 'Data Visualization Techniques', 'Introduction to data visualization methods.', 'http://react.github.com', '2020-11-22');
INSERT INTO exercise (lecture_id, name, description, link_to_repo, last_updated) VALUES (3, 'Python Programming Fundamentals', 'Learn the basics of Python programming language.', 'http://python.github.com', '2023-04-10');
INSERT INTO exercise (lecture_id, name, description, link_to_repo, last_updated) VALUES (4, 'Network Security Protocols', 'Understanding common network security protocols.', 'http://networksecurity.github.com', '2021-07-17');
INSERT INTO exercise (lecture_id, name, description, link_to_repo, last_updated) VALUES (5, 'Cloud Computing Essentials', 'Introduction to cloud computing technologies.', 'http://cloudcomputing.github.com', '2020-09-05');
INSERT INTO exercise (lecture_id, name, description, link_to_repo, last_updated) VALUES (6, 'JavaScript Frameworks', 'Exploring popular JavaScript frameworks.', 'http://javascriptframeworks.github.com', '2024-02-12');
INSERT INTO exercise (lecture_id, name, description, link_to_repo, last_updated) VALUES (7, 'Database Management Systems', 'Understanding database management systems.', 'http://databasemanagement.github.com', '2023-11-30');
INSERT INTO exercise (lecture_id, name, description, link_to_repo, last_updated) VALUES (8, 'Software Testing Techniques', 'Introduction to software testing methodologies.', 'http://softwaretesting.github.com', '2021-06-25');
INSERT INTO exercise (lecture_id, name, description, link_to_repo, last_updated) VALUES (9, 'Mobile App Development Principles', 'Learn the principles of mobile app development.', 'http://mobileappdevelopment.github.com', '2022-03-18');
INSERT INTO exercise (lecture_id, name, description, link_to_repo, last_updated) VALUES (10, 'Cybersecurity Fundamentals', 'Understanding the basics of cybersecurity.', 'http://cybersecurity.github.com', '2024-01-28');
INSERT INTO exercise (lecture_id, name, description, link_to_repo, last_updated) VALUES (11, 'Web Development Best Practices', 'Explore best practices in web development.', 'http://webdevelopmentbestpractices.github.com', '2020-10-07');
INSERT INTO exercise (lecture_id, name, description, link_to_repo, last_updated) VALUES (12, 'Data Science Fundamentals', 'Introduction to data science concepts and techniques.', 'http://datascience.github.com', '2022-05-14');
INSERT INTO exercise (lecture_id, name, description, link_to_repo, last_updated) VALUES (13, 'Blockchain Technology Overview', 'Understanding the basics of blockchain technology.', 'http://blockchain.github.com', '2021-09-22');
INSERT INTO exercise (lecture_id, name, description, link_to_repo, last_updated) VALUES (14, 'Java Programming Basics', 'Introduction to Java programming language.', 'http://java.github.com', '2023-12-19');
INSERT INTO exercise (lecture_id, name, description, link_to_repo, last_updated) VALUES (15, 'Data Analytics Techniques', 'Learn about common data analytics techniques.', 'http://dataanalytics.github.com', '2020-12-03');
INSERT INTO exercise (lecture_id, name, description, link_to_repo, last_updated) VALUES (16, 'Machine Learning Applications', 'Exploring applications of machine learning.', 'http://machinelearningapplications.github.com', '2022-06-10');
INSERT INTO exercise (lecture_id, name, description, link_to_repo, last_updated) VALUES (17, 'React.js Essentials', 'Understanding essential concepts of React.js.', 'http://reactessentials.github.com', '2021-03-28');
INSERT INTO exercise (lecture_id, name, description, link_to_repo, last_updated) VALUES (18, 'Cybersecurity Threats and Mitigation', 'Identifying and mitigating cybersecurity threats.', 'http://cybersecuritythreats.github.com', '2023-08-14');
INSERT INTO exercise (lecture_id, name, description, link_to_repo, last_updated) VALUES (19, 'PHP Programming Basics', 'Introduction to PHP scripting language.', 'http://phpbasics.github.com', '2020-07-20');
INSERT INTO exercise (lecture_id, name, description, link_to_repo, last_updated) VALUES (20, 'Software Engineering Principles', 'Understanding fundamental principles of software engineering.', 'http://softwareengineeringprinciples.github.com', '2024-01-09');
INSERT INTO exercise (lecture_id, name, description, link_to_repo, last_updated) VALUES (21, 'Cybersecurity Policy and Governance', 'Explore policies and governance in cybersecurity.', 'http://cybersecuritypolicy.github.com', '2022-11-22');
INSERT INTO exercise (lecture_id, name, description, link_to_repo, last_updated) VALUES (22, 'Web Development Frameworks', 'Introduction to popular web development frameworks.', 'http://webdevelopmentframeworks.github.com', '2021-05-17');

INSERT INTO evaluation (exercise_id, student_id, grade, last_updated) VALUES (5, 12, 1, '2022-08-15');
INSERT INTO evaluation (exercise_id, student_id, grade, last_updated) VALUES (17, 28, 0, '2020-11-22');
INSERT INTO evaluation (exercise_id, student_id, grade, last_updated) VALUES (9, 6, 2, '2023-04-10');
INSERT INTO evaluation (exercise_id, student_id, grade, last_updated) VALUES (12, 20, 1, '2021-07-17');
INSERT INTO evaluation (exercise_id, student_id, grade, last_updated) VALUES (3, 29, 0, '2020-09-05');
INSERT INTO evaluation (exercise_id, student_id, grade, last_updated) VALUES (14, 4, 2, '2024-02-12');
INSERT INTO evaluation (exercise_id, student_id, grade, last_updated) VALUES (22, 25, 1, '2023-11-30');
INSERT INTO evaluation (exercise_id, student_id, grade, last_updated) VALUES (11, 9, 0, '2021-06-25');
INSERT INTO evaluation (exercise_id, student_id, grade, last_updated) VALUES (8, 16, 2, '2022-03-18');
INSERT INTO evaluation (exercise_id, student_id, grade, last_updated) VALUES (18, 22, 1, '2024-01-28');
INSERT INTO evaluation (exercise_id, student_id, grade, last_updated) VALUES (15, 11, 0, '2020-10-07');
INSERT INTO evaluation (exercise_id, student_id, grade, last_updated) VALUES (2, 3, 2, '2022-05-14');
INSERT INTO evaluation (exercise_id, student_id, grade, last_updated) VALUES (6, 17, 1, '2021-09-22');
INSERT INTO evaluation (exercise_id, student_id, grade, last_updated) VALUES (21, 30, 0, '2023-12-19');
INSERT INTO evaluation (exercise_id, student_id, grade, last_updated) VALUES (19, 5, 2, '2020-12-03');
INSERT INTO evaluation (exercise_id, student_id, grade, last_updated) VALUES (10, 15, 1, '2022-06-10');
INSERT INTO evaluation (exercise_id, student_id, grade, last_updated) VALUES (2, 26, 0, '2021-03-28');
INSERT INTO evaluation (exercise_id, student_id, grade, last_updated) VALUES (16, 10, 2, '2023-08-14');
INSERT INTO evaluation (exercise_id, student_id, grade, last_updated) VALUES (19, 2, 1, '2020-07-20');
INSERT INTO evaluation (exercise_id, student_id, grade, last_updated) VALUES (7, 14, 0, '2024-01-09');
INSERT INTO evaluation (exercise_id, student_id, grade, last_updated) VALUES (21, 27, 2, '2022-11-22');
INSERT INTO evaluation (exercise_id, student_id, grade, last_updated) VALUES (22, 8, 1, '2021-05-17');
INSERT INTO evaluation (exercise_id, student_id, grade, last_updated) VALUES (4, 21, 0, '2023-10-11');
INSERT INTO evaluation (exercise_id, student_id, grade, last_updated) VALUES (13, 7, 2, '2020-08-23');
INSERT INTO evaluation (exercise_id, student_id, grade, last_updated) VALUES (20, 18, 1, '2022-02-15');
INSERT INTO evaluation (exercise_id, student_id, grade, last_updated) VALUES (5, 1, 0, '2023-05-06');
INSERT INTO evaluation (exercise_id, student_id, grade, last_updated) VALUES (3, 13, 2, '2020-06-29');
INSERT INTO evaluation (exercise_id, student_id, grade, last_updated) VALUES (1, 24, 1, '2022-01-13');
